{
    "cycles_program_begin": 106723023592605,
    "stat": {
        "ru_self_cgstart": {
            "ru_majflt": 0,
            "ru_utime_sec": 0.056097000000000001,
            "ru_nivcsw": 7,
            "ru_maxrss_kb": 74404,
            "ru_stime_sec": 0.045697000000000002,
            "ru_minflt": 25443,
            "ru_nvcsw": 29
        },
        "ru_childs_cgstart": {
            "ru_majflt": 0,
            "ru_utime_sec": 0.016105000000000001,
            "ru_nivcsw": 21,
            "ru_maxrss_kb": 22300,
            "ru_stime_sec": 0.029461000000000001,
            "ru_minflt": 10570,
            "ru_nvcsw": 26
        },
        "cpu_cycles_total": 445296712,
        "cpu_cycles_cgstart": 106723316917485,
        "nMops": 8395,
        "totalObjSize": 189040,
        "nQuads": 3675,
        "ru_self_end": {
            "ru_majflt": 0,
            "ru_utime_sec": 0.097063999999999998,
            "ru_nivcsw": 11,
            "ru_maxrss_kb": 84076,
            "ru_stime_sec": 0.054726999999999998,
            "ru_minflt": 29027,
            "ru_nvcsw": 30
        },
        "ru_childs_end": {
            "ru_majflt": 0,
            "ru_utime_sec": 0.016105000000000001,
            "ru_nivcsw": 23,
            "ru_maxrss_kb": 22692,
            "ru_stime_sec": 0.031854,
            "ru_minflt": 11161,
            "ru_nvcsw": 27
        },
        "peak_mem_kb": 292868,
        "mop/quad": 2.2843537414965986,
        "cpu_cycles_end": 106723468889317,
        "mopSpeed": 204921.03400297806,
        "CodeGen(%)": 36.199842713110478,
        "quadSpeed": 89706.349012619932,
        "outputSizePerQuad": 51.439455782312926,
        "Frontend(%)": 63.800157286889522,
        "realTime": 0.17067599296569824
    },
    "CompileStrategy": "fullobj",
    "perf": [
        {
            "stat": [
                "main",
                "entry",
                0.016844987869262695,
                0.028249,
                0.019168999999999999,
                216468,
                216468,
                0.0,
                0.0,
                1647598567.0806351,
                106723023826113
            ],
            "sub": [
                {
                    "stat": [
                        "doParsingAndDesignResolution",
                        "entry",
                        0.028702020645141602,
                        0.031968999999999997,
                        0.024750000000000001,
                        276596,
                        277396,
                        0.0,
                        0.0,
                        1647598567.0924921,
                        106723058107622
                    ],
                    "sub": []
                },
                {
                    "stat": [
                        "doParsingAndDesignResolution",
                        "exit",
                        0.035238981246948242,
                        0.035331000000000001,
                        0.027924999999999998,
                        277460,
                        278108,
                        0.0,
                        0.0,
                        1647598567.0990291,
                        106723077173295
                    ],
                    "sub": []
                },
                {
                    "stat": [
                        "doPostDesignResolutionToVir2Vcs",
                        "entry",
                        0.036333799362182617,
                        0.035750999999999998,
                        0.028601000000000001,
                        277648,
                        278108,
                        0.0,
                        0.0,
                        1647598567.1001239,
                        106723080212379
                    ],
                    "sub": [
                        {
                            "stat": [
                                "doUptoVir2VcsNoSepCleanup",
                                "entry",
                                0.040881872177124023,
                                0.038785,
                                0.030093999999999999,
                                278756,
                                278760,
                                0.0,
                                0.0,
                                1647598567.104672,
                                106723093356253
                            ],
                            "sub": []
                        },
                        {
                            "stat": [
                                "doUptoVir2VcsNoSepCleanup",
                                "exit",
                                0.085186958312988281,
                                0.054975999999999997,
                                0.040175000000000002,
                                280512,
                                292868,
                                0.0038930000000000002,
                                0.014238000000000001,
                                1647598567.148977,
                                106723221626559
                            ],
                            "sub": []
                        },
                        {
                            "stat": [
                                "doRadify_vir2vcsAll",
                                "entry",
                                0.085254907608032227,
                                0.055016000000000002,
                                0.040203999999999997,
                                280512,
                                292868,
                                0.0038930000000000002,
                                0.014238000000000001,
                                1647598567.149045,
                                106723221756247
                            ],
                            "sub": []
                        },
                        {
                            "stat": [
                                "doRadify_vir2vcsAll",
                                "exit",
                                0.089478015899658203,
                                0.056068,
                                0.043373000000000002,
                                281232,
                                292868,
                                0.0038930000000000002,
                                0.014238000000000001,
                                1647598567.1532681,
                                106723234054538
                            ],
                            "sub": []
                        }
                    ]
                },
                {
                    "stat": [
                        "doPostDesignResolutionToVir2Vcs",
                        "exit",
                        0.08952784538269043,
                        0.056097000000000001,
                        0.043395999999999997,
                        281232,
                        292868,
                        0.0038930000000000002,
                        0.014238000000000001,
                        1647598567.1533179,
                        106723234189475
                    ],
                    "sub": []
                },
                {
                    "stat": [
                        "doGAToPass2",
                        "entry",
                        0.089572906494140625,
                        0.056097000000000001,
                        0.043441,
                        281232,
                        292868,
                        0.0038930000000000002,
                        0.014238000000000001,
                        1647598567.153363,
                        106723234248490
                    ],