{
    "Modules": {
        "...MASTER...": {
            "start_perf": [
                0.11818099021911621,
                0.056097000000000001,
                0.045731000000000001,
                279676,
                292868,
                1647598567.1819711,
                106723317057323
            ],
            "nQuads": 0,
            "child_modules": {
                "std": 1,
                "tb_i2c": 1
            },
            "end_perf": [
                0.12335896492004395,
                0.056097000000000001,
                0.048545999999999999,
                281148,
                292868,
                106723332093881,
                0,
                0
            ],
            "nMops": 0,
            "nRouts": 5
        },
        "std": {
            "start_perf": [
                0.12343502044677734,
                0.056097000000000001,
                0.048624000000000001,
                281148,
                292868,
                1647598567.1872251,
                106723332266170
            ],
            "child_modules": {},
            "nQuads": 218,
            "Compiled": "Yes",
            "svclass": [
                "$vcs_nba_dyn_obj",
                0,
                35,
                2,
                2,
                0,
                "sigprop$$",
                0,
                35,
                2,
                2,
                0,
                "process",
                0,
                200,
                8,
                8,
                0,
                "event",
                0,
                34,
                2,
                2,
                0,
                "mailbox",
                0,
                140,
                9,
                9,
                0,
                "semaphore",
                0,
                84,
                5,
                5,
                0
            ],
            "nMops": 528,
            "Compiled Times": 60,
            "end_perf": [
                0.12624096870422363,
                0.056925999999999997,
                0.050599999999999999,
                281164,
                292868,
                106723340437268,
                8589934594,
                0
            ],
            "nRouts": 33
        },
        "tb_i2c": {
            "start_perf": [
                0.12628889083862305,
                0.056952000000000003,
                0.050624000000000002,
                281164,
                292868,
                1647598567.190079,
                106723340525689
            ],
            "child_modules": {},
            "nQuads": 3457,
            "Compiled": "Yes",
            "nMops": 7867,
            "Compiled Times": 60,
            "significant_routs": [
                [
                    128,
                    "R_VCSgd_QhsFZ_80",
                    3704895,
                    3588,
                    416
                ],
                [
                    131,
                    "R_VCSgd_QhsFZ_83",
                    4515677,
                    4630,
                    552
                ],
                [
                    132,
                    "R_VCSgd_QhsFZ_84",
                    2228592,
                    2053,
                    167
                ]
            ],
            "end_perf": [
                0.16570901870727539,
                0.095142000000000004,
                0.051707999999999997,
                287736,
                292868,
                106723454694049,
                17179869185,
                0
            ],
            "nRouts": 205
        }
    },
    "stat": {
        "peak_mem_kb": 292868,
        "cpu_cycles_end": 106723468075229,
        "ru_self_end": {
            "ru_majflt": 0,
            "ru_utime_sec": 0.096883999999999998,
            "ru_nivcsw": 11,
            "ru_maxrss_kb": 84076,
            "ru_stime_sec": 0.054626000000000001,
            "ru_minflt": 29021,
            "ru_nvcsw": 30
        },
        "ru_childs_end": {
            "ru_majflt": 0,
            "ru_utime_sec": 0.016105000000000001,
            "ru_nivcsw": 23,
            "ru_maxrss_kb": 22692,
            "ru_stime_sec": 0.031854,
            "ru_minflt": 11161,
            "ru_nvcsw": 27
        }
    },
    "CompUnits": {
        "QhsFZ_d": {
            "mod": "tb_i2c",
            "out": "QhsFZ_d.o",
            "bytes": 72556,
            "archive": "archive.59/_97978_archive_1.a",
            "text": 39754,
            "mode": 4,
            "checksum": 0
        }
    },
    "ObjArchives": [
        {
            "archive": "archive.59/_97978_archive_1.a",
            "objects": [
                [
                    "QhsFZ_d.o",
                    72556
                ],
                [
                    "amcQwB.o",
                    116484
                ]
            ],
            "size": 189040
        }
    ],
    "reusePaths": {
        "amcQw_d": {
            "icPath": "csrc"
        },
        "reYIK_d": {
            "icPath": "csrc"
        }
    }
}