{
    "rlimit": {
        "data": -1,
        "stack": -1
    },
    "MlibObjs": {},
    "SIMBData": {
        "out": "amcQwB.o",
        "bytes": 117010,
        "text": 0,
        "archive": "archive.12/_4996_archive_1.a"
    },
    "NameTable": {
        "std": [
            "std",
            "reYIK",
            "module",
            1
        ],
        "tb_mul_32bits": [
            "tb_mul_32bits",
            "QHDAD",
            "module",
            4
        ],
        "...MASTER...": [
            "SIM",
            "amcQw",
            "module",
            3
        ],
        "bits_mul": [
            "bits_mul",
            "BzZS6",
            "module",
            5
        ]
    },
    "cycles_program_begin": 658810620339,
    "perf": [
        {
            "sub": [
                {
                    "sub": [],
                    "stat": [
                        "doParsingAndDesignResolution",
                        "entry",
                        0.040717124938964844,
                        0.027716999999999999,
                        0.085204000000000002,
                        276596,
                        277396,
                        0.0,
                        0.0,
                        1646025828.4056571,
                        658864595342
                    ]
                },
                {
                    "sub": [],
                    "stat": [
                        "doParsingAndDesignResolution",
                        "exit",
                        0.050007104873657227,
                        0.028750999999999999,
                        0.093442999999999998,
                        277444,
                        278092,
                        0.0,
                        0.0,
                        1646025828.414947,
                        658889134330
                    ]
                },
                {
                    "sub": [
                        {
                            "sub": [],
                            "stat": [
                                "doUptoVir2VcsNoSepCleanup",
                                "entry",
                                0.056641101837158203,
                                0.033707000000000001,
                                0.095082,
                                278768,
                                278772,
                                0.0,
                                0.0,
                                1646025828.421581,
                                658908409558
                            ]
                        },
                        {
                            "sub": [],
                            "stat": [
                                "doUptoVir2VcsNoSepCleanup",
                                "exit",
                                0.11103415489196777,
                                0.051659999999999998,
                                0.111424,
                                279964,
                                293196,
                                0.0043920000000000001,
                                0.015532000000000001,
                                1646025828.4759741,
                                659065744453
                            ]
                        },
                        {
                            "sub": [],
                            "stat": [
                                "doRadify_vir2vcsAll",
                                "entry",
                                0.11110115051269531,
                                0.051681999999999999,
                                0.111471,
                                279964,
                                293196,
                                0.0043920000000000001,
                                0.015532000000000001,
                                1646025828.4760411,
                                659065873532
                            ]
                        },
                        {
                            "sub": [],
                            "stat": [
                                "doRadify_vir2vcsAll",
                                "exit",
                                0.11711907386779785,
                                0.054699999999999999,
                                0.114465,
                                281068,
                                293196,
                                0.0043920000000000001,
                                0.015532000000000001,
                                1646025828.482059,
                                659083637163
                            ]
                        }
                    ],
                    "stat": [
                        "doPostDesignResolutionToVir2Vcs",
                        "entry",
                        0.051294088363647461,
                        0.029593999999999999,
                        0.093884999999999996,
                        277600,
                        278092,
                        0.0,
                        0.0,
                        1646025828.416234,
                        658892922426
                    ]
                },
                {
                    "sub": [],
                    "stat": [
                        "doPostDesignResolutionToVir2Vcs",
                        "exit",
                        0.11726713180541992,
                        0.054854,
                        0.114465,
                        281068,
                        293196,
                        0.0043920000000000001,
                        0.015532000000000001,
                        1646025828.4822071,
                        659083724540
                    ]
                },
                {
                    "sub": [
                        {
                            "sub": [],
                            "stat": [
                                "DoPass2",
                                "entry",
                                0.16229510307312012,
                                0.055356000000000002,
                                0.11675199999999999,
                                279512,
                                293196,
                                0.013769,
                                0.049082000000000001,
                                1646025828.527235,
                                659214141043
                            ]
                        },
                        {
                            "sub": [],
                            "stat": [
                                "DoPass2",
                                "exit",
                                0.21433305740356445,
                                0.083549999999999999,
                                0.137909,
                                286844,
                                293196,
                                0.013769,
                                0.051761000000000001,
                                1646025828.579273,
                                659364742336
                            ]
                        }
                    ],
                    "stat": [
                        "doGAToPass2",
                        "entry",
                        0.11729001998901367,
                        0.054877000000000002,
                        0.114465,
                        281068,
                        293196,
                        0.0043920000000000001,
                        0.015532000000000001,
                        1646025828.4822299,
                        659083779408
                    ]
                },
                {
                    "sub": [],