{
    "CompUnits": {
        "QHDAD_d": {
            "mod": "tb_mul_32bits",
            "archive": "archive.13/_5900_archive_1.a",
            "out": "QHDAD_d.o",
            "bytes": 43418,
            "text": 21950,
            "checksum": 0,
            "mode": 4
        }
    },
    "Modules": {
        "...MASTER...": {
            "nMops": 0,
            "start_perf": [
                0.11894702911376953,
                0.071251999999999996,
                0.033094999999999999,
                279512,
                293196,
                1646025974.6455891,
                1082163533851
            ],
            "nQuads": 0,
            "end_perf": [
                0.12356281280517578,
                0.071605000000000002,
                0.034806999999999998,
                280984,
                293196,
                1082176954913,
                0,
                0
            ],
            "child_modules": {
                "tb_mul_32bits": 1,
                "std": 1
            },
            "nRouts": 5
        },
        "std": {
            "start_perf": [
                0.12364792823791504,
                0.071663000000000004,
                0.034835999999999999,
                280984,
                293196,
                1646025974.65029,
                1082177143645
            ],
            "nMops": 528,
            "child_modules": {},
            "end_perf": [
                0.12653779983520508,
                0.073588000000000001,
                0.035798999999999997,
                281000,
                293196,
                1082185564955,
                8589934594,
                0
            ],
            "nQuads": 218,
            "Compiled Times": 14,
            "Compiled": "Yes",
            "nRouts": 33,
            "svclass": [
                "$vcs_nba_dyn_obj",
                0,
                35,
                2,
                2,
                0,
                "sigprop$$",
                0,
                35,
                2,
                2,
                0,
                "process",
                0,
                200,
                8,
                8,
                0,
                "event",
                0,
                34,
                2,
                2,
                0,
                "mailbox",
                0,
                140,
                9,
                9,
                0,
                "semaphore",
                0,
                84,
                5,
                5,
                0
            ]
        },
        "tb_mul_32bits": {
            "start_perf": [
                0.12659502029418945,
                0.073626999999999998,
                0.035818000000000003,
                281000,
                293196,
                1646025974.6532371,
                1082185671008
            ],
            "nMops": 2803,
            "significant_routs": [
                [
                    66,
                    "R_VCSgd_QHDAD_42",
                    1779788,
                    892,
                    134
                ],
                [
                    70,
                    "R_VCSgd_QHDAD_46",
                    7503112,
                    6127,
                    797
                ]
            ],
            "child_modules": {
                "bits_mul": 16
            },
            "end_perf": [
                0.1559138298034668,
                0.099819000000000005,
                0.038928999999999998,
                287492,
                293196,
                1082270601713,
                12884901889,
                0
            ],
            "nQuads": 714,
            "Compiled Times": 11,
            "Compiled": "Yes",
            "nRouts": 76
        },
        "bits_mul": {
            "nMops": 2648,
            "start_perf": [
                0.15596699714660645,
                0.099858000000000002,
                0.038943999999999999,
                287492,
                293196,
                1646025974.6826091,
                1082270691816
            ],
            "nQuads": 461,
            "end_perf": [
                0.15928983688354492,
                0.103078,
                0.039029000000000001,
                287492,
                293196,
                1082280367376,
                17179869185,
                0
            ],
            "child_modules": {},
            "Compiled Times": 11,
            "Compiled": "Yes",
            "nRouts": 16
        }
    },
    "reusePaths": {
        "amcQw_d": {
            "icPath": "csrc"
        },
        "reYIK_d": {
            "icPath": "csrc"
        },
        "BzZS6_d": {
            "icPath": "csrc"
        }
    },
    "ObjArchives": [
        {
            "archive": "archive.13/_5900_archive_1.a",
            "objects": [
                [
                    "QHDAD_d.o",
                    43418
                ],
                [
                    "amcQwB.o",
                    117010
                ]
            ],
            "size": 160428
        }
    ],
    "stat": {
        "peak_mem_kb": 293196,
        "ru_childs_end": {
            "ru_utime_sec": 0.018456,
            "ru_nivcsw": 24,
            "ru_stime_sec": 0.028112000000000002,
            "ru_maxrss_kb": 22456,
            "ru_nvcsw": 26,
            "ru_minflt": 11160,
            "ru_majflt": 0
        },
        "ru_self_end": {
            "ru_utime_sec": 0.104866,
            "ru_nivcsw": 8,
            "ru_stime_sec": 0.041945999999999997,
            "ru_maxrss_kb": 83524,
            "ru_nvcsw": 30,
            "ru_minflt": 28975,
            "ru_majflt": 0
        },
        "cpu_cycles_end": 1082293886741
    }
}