{
    "Modules": {
        "...MASTER...": {
            "nRouts": 5,
            "nMops": 0,
            "start_perf": [
                0.15232300758361816,
                0.045529,
                0.084849999999999995,
                279496,
                292728,
                1644824422.259594,
                144491441193041
            ],
            "child_modules": {
                "std": 1,
                "tb_bits_mul": 1
            },
            "nQuads": 0,
            "end_perf": [
                0.1570429801940918,
                0.045608000000000003,
                0.087069999999999995,
                280916,
                292728,
                144491454920713,
                0,
                0
            ]
        },
        "std": {
            "start_perf": [
                0.15712404251098633,
                0.045636000000000003,
                0.087123999999999993,
                280916,
                292728,
                1644824422.264395,
                144491455088971
            ],
            "nMops": 528,
            "child_modules": {},
            "Compiled": "Yes",
            "end_perf": [
                0.16025304794311523,
                0.047716000000000001,
                0.088172,
                280932,
                292728,
                144491464198857,
                8589934594,
                0
            ],
            "svclass": [
                "$vcs_nba_dyn_obj",
                0,
                35,
                2,
                2,
                0,
                "sigprop$$",
                0,
                35,
                2,
                2,
                0,
                "process",
                0,
                200,
                8,
                8,
                0,
                "event",
                0,
                34,
                2,
                2,
                0,
                "mailbox",
                0,
                140,
                9,
                9,
                0,
                "semaphore",
                0,
                84,
                5,
                5,
                0
            ],
            "nQuads": 218,
            "Compiled Times": 2,
            "nRouts": 33
        },
        "tb_bits_mul": {
            "start_perf": [
                0.16030311584472656,
                0.047733999999999999,
                0.088205000000000006,
                280932,
                292728,
                1644824422.2675741,
                144491464288032
            ],
            "nMops": 1209,
            "child_modules": {},
            "Compiled": "Yes",
            "end_perf": [
                0.17000699043273926,
                0.053705000000000003,
                0.091918,
                285080,
                292728,
                144491492451701,
                12884901889,
                0
            ],
            "nQuads": 415,
            "Compiled Times": 2,
            "significant_routs": [
                [
                    16,
                    "R_VCSgd_sNDki_10",
                    3880519,
                    3447,
                    433
                ],
                [
                    18,
                    "R_VCSgd_sNDki_12",
                    2712515,
                    2254,
                    345
                ]
            ],
            "nRouts": 36
        }
    },
    "stat": {
        "cpu_cycles_end": 144491507286216,
        "ru_self_end": {
            "ru_majflt": 0,
            "ru_stime_sec": 0.093965000000000007,
            "ru_utime_sec": 0.056792000000000002,
            "ru_nvcsw": 30,
            "ru_maxrss_kb": 80004,
            "ru_nivcsw": 8,
            "ru_minflt": 27800
        },
        "ru_childs_end": {
            "ru_majflt": 0,
            "ru_stime_sec": 0.052740000000000002,
            "ru_utime_sec": 0.013109000000000001,
            "ru_nvcsw": 27,
            "ru_maxrss_kb": 22432,
            "ru_nivcsw": 26,
            "ru_minflt": 11159
        },
        "peak_mem_kb": 292728
    },
    "CompUnits": {
        "sNDki_d": {
            "mode": 4,
            "bytes": 22626,
            "mod": "tb_bits_mul",
            "checksum": 0,
            "out": "sNDki_d.o",
            "text": 9730,
            "archive": "archive.1/_81633_archive_1.a"
        }
    },
    "reusePaths": {
        "amcQw_d": {
            "icPath": "csrc"
        },
        "reYIK_d": {
            "icPath": "csrc"
        }
    },
    "ObjArchives": [
        {
            "archive": "archive.1/_81633_archive_1.a",
            "objects": [
                [
                    "sNDki_d.o",
                    22626
                ],
                [
                    "amcQwB.o",
                    115894
                ]
            ],
            "size": 138520
        }
    ]
}