{
    "cycles_program_begin": 112059717488191,
    "PrevCompiledModules": {},
    "stat": {
        "ru_childs_end": {
            "ru_utime_sec": 0.013193,
            "ru_nivcsw": 21,
            "ru_nvcsw": 26,
            "ru_stime_sec": 0.030880000000000001,
            "ru_maxrss_kb": 23064,
            "ru_minflt": 11127,
            "ru_majflt": 0
        },
        "cpu_cycles_total": 574494538,
        "ru_self_cgstart": {
            "ru_utime_sec": 0.088320999999999997,
            "ru_nivcsw": 5,
            "ru_nvcsw": 31,
            "ru_stime_sec": 0.073774000000000006,
            "ru_maxrss_kb": 74768,
            "ru_minflt": 26419,
            "ru_majflt": 0
        },
        "mop/quad": 3.2748236570808467,
        "ru_childs_cgstart": {
            "ru_utime_sec": 0.013193,
            "ru_nivcsw": 21,
            "ru_nvcsw": 26,
            "ru_stime_sec": 0.030880000000000001,
            "ru_maxrss_kb": 23064,
            "ru_minflt": 11127,
            "ru_majflt": 0
        },
        "cpu_cycles_cgstart": 112060074368233,
        "CodeGen(%)": 39.270993485244588,
        "totalObjSize": 302684,
        "nMops": 12071,
        "nQuads": 3686,
        "Frontend(%)": 60.729006514755405,
        "ru_self_end": {
            "ru_utime_sec": 0.15396599999999999,
            "ru_nivcsw": 8,
            "ru_nvcsw": 33,
            "ru_stime_sec": 0.082114999999999994,
            "ru_maxrss_kb": 85452,
            "ru_minflt": 30054,
            "ru_majflt": 0
        },
        "cpu_cycles_end": 112060291982729,
        "outputSizePerQuad": 82.117200217037436,
        "mopSpeed": 183883.00708355545,
        "quadSpeed": 56150.506512301006,
        "peak_mem_kb": 293012,
        "realTime": 0.21649003028869629
    },
    "cpu_cycles_pass2_start": 112060074309653,
    "perf": [
        {
            "stat": [
                "main",
                "entry",
                0.018038034439086914,
                0.041971000000000001,
                0.046275999999999998,
                216468,
                216468,
                0.0,
                0.0,
                1645579729.7027421,
                112059717768447
            ],
            "sub": [
                {
                    "stat": [
                        "doParsingAndDesignResolution",
                        "entry",
                        0.037220001220703125,
                        0.042498000000000001,
                        0.059001999999999999,
                        276596,
                        277396,
                        0.0,
                        0.0,
                        1645579729.7219241,
                        112059773240701
                    ],
                    "sub": []
                },
                {
                    "stat": [
                        "doParsingAndDesignResolution",
                        "exit",
                        0.043905019760131836,
                        0.045607000000000002,
                        0.062576999999999994,
                        277332,
                        277980,
                        0.0,
                        0.0,
                        1645579729.7286091,
                        112059792711185
                    ],
                    "sub": []
                },
                {
                    "stat": [
                        "doPostDesignResolutionToVir2Vcs",
                        "entry",
                        0.044627904891967773,
                        0.045607000000000002,
                        0.063300999999999996,
                        277504,
                        277980,
                        0.0,
                        0.0,
                        1645579729.729332,
                        112059794663146
                    ],
                    "sub": [
                        {
                            "stat": [
                                "doUptoVir2VcsNoSepCleanup",
                                "entry",
                                0.048604965209960938,
                                0.049446999999999998,
                                0.063416,
                                278504,
                                278508,
                                0.0,
                                0.0,
                                1645579729.733309,
                                112059806356178
                            ],
                            "sub": []
                        },
                        {
                            "stat": [
                                "doUptoVir2VcsNoSepCleanup",
                                "exit",
                                0.10900592803955078,
                                0.082764000000000004,
                                0.071239999999999998,
                                280664,
                                293012,
                                0.00092599999999999996,
                                0.018534999999999999,
                                1645579729.79371,
                                112059981040781
                            ],
                            "sub": []
                        },
                        {
                            "stat": [
                                "doRadify_vir2vcsAll",
                                "entry",
                                0.10908389091491699,
                                0.082806000000000005,
                                0.071276000000000006,
                                280664,
                                293012,
                                0.00092599999999999996,
                                0.018534999999999999,
                                1645579729.793788,
                                112059981218348
                            ],
                            "sub": []
                        },
                        {
                            "stat": [
                                "doRadify_vir2vcsAll",
                                "exit",
                                0.11445188522338867,
                                0.088172,
                                0.071276000000000006,
                                281732,
                                293012,
                                0.00092599999999999996,
                                0.018534999999999999,
                                1645579729.799156,
                                112059996933390
                            ],
                            "sub": []
                        }
                    ]
                },
                {
                    "stat": [
                        "doPostDesignResolutionToVir2Vcs",
                        "exit",
                        0.11454486846923828,
                        0.088267999999999999,
                        0.071276000000000006,
                        281732,
                        293012,
                        0.00092599999999999996,
                        0.018534999999999999,
                        1645579729.7992489,
                        112059997007920
                    ],
                    "sub": []
                },
                {
                    "stat": [
                        "doGAToPass2",
                        "entry",
                        0.11456489562988281,
                        0.088288000000000005,
                        0.071276000000000006,
                        281732,
                        293012,
                        0.00092599999999999996,
                        0.018534999999999999,
                        1645579729.799269,
                        112059997062498
                    ],