{
    "stat": {
        "ru_self_end": {
            "ru_utime_sec": 0.15379200000000001,
            "ru_nivcsw": 8,
            "ru_nvcsw": 33,
            "ru_stime_sec": 0.082021999999999998,
            "ru_maxrss_kb": 85452,
            "ru_minflt": 30048,
            "ru_majflt": 0
        },
        "ru_childs_end": {
            "ru_utime_sec": 0.013193,
            "ru_nivcsw": 21,
            "ru_nvcsw": 26,
            "ru_stime_sec": 0.030880000000000001,
            "ru_maxrss_kb": 23064,
            "ru_minflt": 11127,
            "ru_majflt": 0
        },
        "cpu_cycles_end": 112060291208342,
        "peak_mem_kb": 293012
    },
    "Modules": {
        "...MASTER...": {
            "nRouts": 5,
            "start_perf": [
                0.14133286476135254,
                0.088347999999999996,
                0.073796,
                280176,
                293012,
                1645579729.8260369,
                112060074557110
            ],
            "nQuads": 0,
            "end_perf": [
                0.1446068286895752,
                0.090510999999999994,
                0.074906,
                282604,
                293012,
                112060084119570,
                0,
                0
            ],
            "child_modules": {
                "cordic_tb": 1,
                "std": 1
            },
            "nMops": 0
        },
        "cordic_tb": {
            "nRouts": 403,
            "significant_routs": [
                [
                    139,
                    "R_VCSgd_SM5mw_8b",
                    2575954,
                    1686,
                    200
                ],
                [
                    144,
                    "R_VCSgd_SM5mw_90",
                    3837338,
                    2056,
                    298
                ],
                [
                    149,
                    "R_VCSgd_SM5mw_95",
                    3674126,
                    2066,
                    298
                ],
                [
                    154,
                    "R_VCSgd_SM5mw_9a",
                    2504817,
                    2066,
                    298
                ],
                [
                    159,
                    "R_VCSgd_SM5mw_9f",
                    2472482,
                    2066,
                    298
                ],
                [
                    164,
                    "R_VCSgd_SM5mw_a4",
                    2422892,
                    2066,
                    298
                ],
                [
                    169,
                    "R_VCSgd_SM5mw_a9",
                    3160768,
                    2066,
                    298
                ],
                [
                    174,
                    "R_VCSgd_SM5mw_ae",
                    2891619,
                    2066,
                    298
                ],
                [
                    179,
                    "R_VCSgd_SM5mw_b3",
                    2749838,
                    2056,
                    298
                ],
                [
                    184,
                    "R_VCSgd_SM5mw_b8",
                    2387396,
                    2036,
                    298
                ],
                [
                    189,
                    "R_VCSgd_SM5mw_bd",
                    2467871,
                    2041,
                    298
                ],
                [
                    194,
                    "R_VCSgd_SM5mw_c2",
                    2373041,
                    2041,
                    298
                ],
                [
                    199,
                    "R_VCSgd_SM5mw_c7",
                    2453690,
                    2031,
                    298
                ],
                [
                    204,
                    "R_VCSgd_SM5mw_cc",
                    2399054,
                    2015,
                    298
                ]
            ],
            "start_perf": [
                0.15275287628173828,
                0.096645999999999996,
                0.076900999999999997,
                286676,
                293012,
                1645579729.8374569,
                112060107601972
            ],
            "Compiled": "Yes",
            "end_perf": [
                0.20905900001525879,
                0.152536,
                0.077299000000000007,
                290448,
                293012,
                112060270665231,
                21474836481,
                0
            ],
            "nQuads": 3468,
            "child_modules": {},
            "Compiled Times": 1,
            "nMops": 11543
        },
        "std": {
            "nRouts": 33,
            "significant_routs": [
                [
                    24,
                    "F_VCSgd_reYIK_24_0",
                    2002015,
                    984,
                    90
                ]
            ],
            "start_perf": [
                0.14470291137695312,
                0.090564000000000006,
                0.074950000000000003,
                282604,
                293012,
                1645579729.829407,
                112060084365664
            ],
            "Compiled": "Yes",
            "end_perf": [
                0.15269804000854492,
                0.096614000000000005,
                0.076876,
                286676,
                293012,
                112060107511695,
                8589934594,
                0
            ],
            "nQuads": 218,
            "child_modules": {},
            "Compiled Times": 1,
            "svclass": [
                "$vcs_nba_dyn_obj",
                576,
                35,
                2,
                2,
                0,
                "sigprop$$",
                576,
                35,
                2,
                2,
                0,
                "process",
                2380,
                200,
                8,
                8,
                0,
                "event",
                597,
                34,
                2,
                2,
                0,
                "mailbox",
                1769,
                140,
                9,
                9,
                0,
                "semaphore",
                1119,
                84,
                5,
                5,
                0
            ],
            "nMops": 528
        }
    },
    "CompUnits": {
        "amcQw_d": {
            "out": "objs/amcQw_d.o",
            "mod": "...MASTER...",
            "bytes": 7832,
            "checksum": 0,
            "text": 434,
            "mode": 4
        },
        "reYIK_d": {
            "out": "reYIK_d.o",
            "mod": "std",
            "bytes": 43000,
            "archive": "archive.0/_52811_archive_1.a",
            "checksum": 0,
            "text": 7325,
            "cls": 7017,
            "mode": 4
        },
        "SM5mw_d": {
            "out": "SM5mw_d.o",
            "mod": "cordic_tb",
            "bytes": 135654,
            "archive": "archive.0/_52811_archive_1.a",
            "checksum": 0,
            "text": 88014,
            "mode": 4
        }
    },
    "reusePaths": {},
    "ObjArchives": [
        {
            "archive": "archive.0/_52811_archive_1.a",
            "objects": [
                [
                    "reYIK_d.o",
                    43000
                ],
                [
                    "SM5mw_d.o",
                    135654
                ],
                [
                    "amcQwB.o",
                    116198
                ]
            ],
            "size": 294852
        }
    ]
}