{
    "cycles_program_begin": 5579664972022,
    "LVLData": [
        "SIM"
    ],
    "stat": {
        "ru_self_cgstart": {
            "ru_utime_sec": 0.066586999999999993,
            "ru_stime_sec": 0.042938999999999998,
            "ru_maxrss_kb": 73900,
            "ru_minflt": 25530,
            "ru_majflt": 0,
            "ru_nvcsw": 29,
            "ru_nivcsw": 5
        },
        "realTime": 0.16481685638427734,
        "ru_childs_cgstart": {
            "ru_utime_sec": 0.015706999999999999,
            "ru_stime_sec": 0.030280999999999999,
            "ru_maxrss_kb": 22032,
            "ru_minflt": 10570,
            "ru_majflt": 0,
            "ru_nvcsw": 25,
            "ru_nivcsw": 24
        },
        "ru_childs_end": {
            "ru_utime_sec": 0.015706999999999999,
            "ru_stime_sec": 0.033307000000000003,
            "ru_maxrss_kb": 22428,
            "ru_minflt": 11160,
            "ru_majflt": 0,
            "ru_nvcsw": 26,
            "ru_nivcsw": 26
        },
        "nQuads": 1315,
        "CodeGen(%)": 25.468459901281538,
        "ru_self_end": {
            "ru_utime_sec": 0.094708000000000001,
            "ru_stime_sec": 0.048881000000000001,
            "ru_maxrss_kb": 81016,
            "ru_minflt": 28440,
            "ru_majflt": 0,
            "ru_nvcsw": 30,
            "ru_nivcsw": 8
        },
        "cpu_cycles_cgstart": 5579985345798,
        "cpu_cycles_total": 428120823,
        "mopSpeed": 205753.70719391198,
        "nMops": 5786,
        "totalObjSize": 160596,
        "cpu_cycles_end": 5580093092845,
        "quadSpeed": 46762.206180434536,
        "mop/quad": 4.4000000000000004,
        "outputSizePerQuad": 122.12623574144487,
        "Frontend(%)": 74.531540098718466,
        "peak_mem_kb": 293188
    },
    "cpu_cycles_pass2_start": 5579985297078,
    "perf": [
        {
            "sub": [
                {
                    "sub": [],
                    "stat": [
                        "doParsingAndDesignResolution",
                        "entry",
                        0.031410932540893555,
                        0.036993999999999999,
                        0.021579000000000001,
                        276596,
                        277396,
                        0.0,
                        0.0,
                        1644888708.399713,
                        5579710487725
                    ]
                },
                {
                    "sub": [],
                    "stat": [
                        "doParsingAndDesignResolution",
                        "exit",
                        0.038156986236572266,
                        0.038753999999999997,
                        0.026564999999999998,
                        277444,
                        278092,
                        0.0,
                        0.0,
                        1644888708.4064591,
                        5579726678483
                    ]
                },
                {
                    "sub": [
                        {
                            "sub": [],
                            "stat": [
                                "doUptoVir2VcsNoSepCleanup",
                                "entry",
                                0.04503178596496582,
                                0.042529999999999998,
                                0.029638999999999999,
                                278768,
                                278772,
                                0.0,
                                0.0,
                                1644888708.4133339,
                                5579746534725
                            ]
                        },
                        {
                            "sub": [],
                            "stat": [
                                "doUptoVir2VcsNoSepCleanup",
                                "exit",
                                0.097002983093261719,
                                0.063527,
                                0.039960000000000002,
                                279956,
                                293188,
                                0.0037669999999999999,
                                0.016943,
                                1644888708.4653051,
                                5579896991087
                            ]
                        },
                        {
                            "sub": [],
                            "stat": [
                                "doRadify_vir2vcsAll",
                                "entry",
                                0.097073793411254883,
                                0.063571000000000003,
                                0.039988000000000003,
                                279956,
                                293188,
                                0.0037669999999999999,
                                0.016943,
                                1644888708.4653759,
                                5579897124545
                            ]
                        },
                        {
                            "sub": [],
                            "stat": [
                                "doRadify_vir2vcsAll",
                                "exit",
                                0.10100698471069336,
                                0.066542000000000004,
                                0.040948999999999999,
                                281064,
                                293188,
                                0.0037669999999999999,
                                0.016943,
                                1644888708.4693091,
                                5579908589753
                            ]
                        }
                    ],
                    "stat": [
                        "doPostDesignResolutionToVir2Vcs",
                        "entry",
                        0.039007902145385742,
                        0.038753999999999997,
                        0.027415999999999999,
                        277600,
                        278092,
                        0.0,
                        0.0,
                        1644888708.40731,
                        5579729110655
                    ]
                },
                {
                    "sub": [],
                    "stat": [
                        "doPostDesignResolutionToVir2Vcs",
                        "exit",
                        0.1010589599609375,
                        0.066574999999999995,
                        0.040968999999999998,
                        281064,
                        293188,
                        0.0037669999999999999,
                        0.016943,
                        1644888708.4693611,
                        5579908653930
                    ]
                },
                {
                    "sub": [
                        {
                            "sub": [],
                            "stat": [
                                "DoPass2",
                                "entry",
                                0.12750697135925293,
                                0.066586999999999993,
                                0.042876999999999998,
                                279508,
                                293188,
                                0.015706999999999999,
                                0.030280999999999999,
                                1644888708.4958091,
                                5579985282520
                            ]
                        },
                        {
                            "sub": [],