{
    "Modules": {
        "std": {
            "start_perf": [
                0.12373495101928711,
                0.064094999999999999,
                0.039914999999999999,
                280976,
                293188,
                1644888905.5077889,
                6150247972992
            ],
            "nMops": 528,
            "child_modules": {},
            "Compiled": "Yes",
            "nQuads": 218,
            "Compiled Times": 9,
            "end_perf": [
                0.12664198875427246,
                0.066262000000000001,
                0.040612000000000002,
                280992,
                293188,
                6150256437831,
                8589934594,
                0
            ],
            "svclass": [
                "$vcs_nba_dyn_obj",
                0,
                35,
                2,
                2,
                0,
                "sigprop$$",
                0,
                35,
                2,
                2,
                0,
                "process",
                0,
                200,
                8,
                8,
                0,
                "event",
                0,
                34,
                2,
                2,
                0,
                "mailbox",
                0,
                140,
                9,
                9,
                0,
                "semaphore",
                0,
                84,
                5,
                5,
                0
            ],
            "nRouts": 33
        },
        "...MASTER...": {
            "nMops": 0,
            "start_perf": [
                0.11893296241760254,
                0.061490999999999997,
                0.039914999999999999,
                279508,
                293188,
                1644888905.5029869,
                6150234071842
            ],
            "child_modules": {
                "tb_mul_32bits": 1,
                "std": 1
            },
            "end_perf": [
                0.12365317344665527,
                0.064013,
                0.039914999999999999,
                280976,
                293188,
                6150247789567,
                0,
                0
            ],
            "nQuads": 0,
            "nRouts": 5
        },
        "tb_mul_32bits": {
            "start_perf": [
                0.12669014930725098,
                0.066292000000000004,
                0.040629999999999999,
                280992,
                293188,
                1644888905.5107441,
                6150256529761
            ],
            "nMops": 2611,
            "child_modules": {
                "bits_mul": 16
            },
            "significant_routs": [
                [
                    69,
                    "R_VCSgd_QHDAD_45",
                    9021000,
                    6266,
                    822
                ]
            ],
            "Compiled": "Yes",
            "nQuads": 636,
            "Compiled Times": 6,
            "end_perf": [
                0.14354610443115234,
                0.079334000000000002,
                0.044427000000000001,
                285368,
                293188,
                6150305383074,
                12884901889,
                0
            ],
            "nRouts": 75
        },
        "bits_mul": {
            "nMops": 2648,
            "start_perf": [
                0.1435999870300293,
                0.079367999999999994,
                0.044445999999999999,
                285368,
                293188,
                1644888905.5276539,
                6150305470248
            ],
            "child_modules": {},
            "nQuads": 461,
            "Compiled": "Yes",
            "Compiled Times": 6,
            "end_perf": [
                0.14795303344726562,
                0.083668000000000006,
                0.044481,
                285368,
                293188,
                6150318156559,
                17179869185,
                0
            ],
            "nRouts": 16
        }
    },
    "CompUnits": {
        "QHDAD_d": {
            "text": 22182,
            "mod": "tb_mul_32bits",
            "out": "QHDAD_d.o",
            "bytes": 43630,
            "checksum": 0,
            "mode": 4,
            "archive": "archive.8/_8340_archive_1.a"
        }
    },
    "reusePaths": {
        "amcQw_d": {
            "icPath": "csrc"
        },
        "BzZS6_d": {
            "icPath": "csrc"
        },
        "reYIK_d": {
            "icPath": "csrc"
        }
    },
    "ObjArchives": [
        {
            "size": 160600,
            "archive": "archive.8/_8340_archive_1.a",
            "objects": [
                [
                    "QHDAD_d.o",
                    43630
                ],
                [
                    "amcQwB.o",
                    116970
                ]
            ]
        }
    ],
    "stat": {
        "ru_self_end": {
            "ru_nvcsw": 29,
            "ru_utime_sec": 0.086338999999999999,
            "ru_maxrss_kb": 81684,
            "ru_stime_sec": 0.048433999999999998,
            "ru_minflt": 28773,
            "ru_majflt": 0,
            "ru_nivcsw": 13
        },
        "ru_childs_end": {
            "ru_nvcsw": 26,
            "ru_utime_sec": 0.020486000000000001,
            "ru_maxrss_kb": 22436,
            "ru_stime_sec": 0.027456000000000001,
            "ru_minflt": 11160,
            "ru_majflt": 0,
            "ru_nivcsw": 28
        },
        "cpu_cycles_end": 6150337357896,
        "peak_mem_kb": 293188
    }
}