{
    "NameTable": {
        "std": [
            "std",
            "reYIK",
            "module",
            1
        ],
        "bits_mul": [
            "bits_mul",
            "BzZS6",
            "module",
            5
        ],
        "...MASTER...": [
            "SIM",
            "amcQw",
            "module",
            3
        ],
        "tb_lpf": [
            "tb_lpf",
            "I7xGq",
            "module",
            7
        ]
    },
    "rlimit": {
        "data": -1,
        "stack": -1
    },
    "CompileStrategy": "fullobj",
    "cycles_program_begin": 191668570347873,
    "PEModules": [],
    "CurCompileUdps": {},
    "perf": [
        {
            "stat": [
                "main",
                "entry",
                0.01828312873840332,
                0.037949999999999998,
                0.016410999999999999,
                216468,
                216468,
                0.0,
                0.0,
                1645071306.5232611,
                191668570625867
            ],
            "sub": [
                {
                    "stat": [
                        "doParsingAndDesignResolution",
                        "entry",
                        0.033115148544311523,
                        0.040280000000000003,
                        0.026504,
                        276596,
                        277396,
                        0.0,
                        0.0,
                        1645071306.5380931,
                        191668613505122
                    ],
                    "sub": []
                },
                {
                    "stat": [
                        "doParsingAndDesignResolution",
                        "exit",
                        0.04076695442199707,
                        0.044455000000000001,
                        0.029981000000000001,
                        277472,
                        278120,
                        0.0,
                        0.0,
                        1645071306.5457449,
                        191668635694820
                    ],
                    "sub": []
                },
                {
                    "stat": [
                        "doPostDesignResolutionToVir2Vcs",
                        "entry",
                        0.041579961776733398,
                        0.044455000000000001,
                        0.030793999999999998,
                        277640,
                        278120,
                        0.0,
                        0.0,
                        1645071306.5465579,
                        191668638004177
                    ],
                    "sub": [
                        {
                            "stat": [
                                "doUptoVir2VcsNoSepCleanup",
                                "entry",
                                0.048304080963134766,
                                0.046679999999999999,
                                0.035269000000000002,
                                278768,
                                278772,
                                0.0,
                                0.0,
                                1645071306.553282,
                                191668657466077
                            ],
                            "sub": []
                        },
                        {
                            "stat": [
                                "doUptoVir2VcsNoSepCleanup",
                                "exit",
                                0.10253000259399414,
                                0.069462999999999997,
                                0.046989999999999997,
                                279996,
                                293240,
                                0.0,
                                0.019914999999999999,
                                1645071306.6075079,
                                191668814448195
                            ],
                            "sub": []
                        },
                        {
                            "stat": [
                                "doRadify_vir2vcsAll",
                                "entry",
                                0.10260605812072754,
                                0.069509000000000001,
                                0.047021,
                                279996,
                                293240,
                                0.0,
                                0.019914999999999999,
                                1645071306.607584,
                                191668814608478
                            ],
                            "sub": []
                        },
                        {
                            "stat": [
                                "doRadify_vir2vcsAll",
                                "exit",
                                0.10698413848876953,
                                0.071304000000000006,
                                0.049603000000000001,
                                281160,
                                293240,
                                0.0,
                                0.019914999999999999,
                                1645071306.6119621,
                                191668827342001
                            ],
                            "sub": []
                        }
                    ]
                },
                {
                    "stat": [
                        "doPostDesignResolutionToVir2Vcs",
                        "exit",
                        0.10703110694885254,
                        0.071332999999999994,
                        0.049623,
                        281160,
                        293240,
                        0.0,
                        0.019914999999999999,
                        1645071306.612009,
                        191668827406381
                    ],
                    "sub": []
                },
                {
                    "stat": [
                        "doGAToPass2",
                        "entry",
                        0.10705113410949707,
                        0.071344000000000005,
                        0.049631000000000002,
                        281160,
                        293240,
                        0.0,
                        0.019914999999999999,
                        1645071306.6120291,
                        191668827459045
                    ],
                    "sub": [
                        {
                            "stat": [
                                "DoPass2",
                                "entry",
                                0.13853216171264648,
                                0.073949000000000001,
                                0.050326000000000003,
                                279604,
                                293240,
                                0.013091,
                                0.036091999999999999,
                                1645071306.6435101,
                                191668918670367
                            ],
                            "sub": []
                        },
                        {
                            "stat": [
                                "DoPass2",
                                "exit",
                                0.18565511703491211,
                                0.110738,
                                0.058134999999999999,
                                287136,
                                293240,
                                0.013091,
                                0.038490999999999997,
                                1645071306.6906331,
                                191669055041156
                            ],