{
    "MlibObjs": {},
    "cycles_program_begin": 223092415090146,
    "cpu_cycles_pass2_start": 223092725487818,
    "perf": [
        {
            "stat": [
                "main",
                "entry",
                0.016777992248535156,
                0.034109,
                0.013436,
                216468,
                216468,
                0.0,
                0.0,
                1645086502.7961609,
                223092415323944
            ],
            "sub": [
                {
                    "stat": [
                        "doParsingAndDesignResolution",
                        "entry",
                        0.028645038604736328,
                        0.034485000000000002,
                        0.022661000000000001,
                        276596,
                        277396,
                        0.0,
                        0.0,
                        1645086502.808028,
                        223092449641761
                    ],
                    "sub": []
                },
                {
                    "stat": [
                        "doParsingAndDesignResolution",
                        "exit",
                        0.034197092056274414,
                        0.037817999999999997,
                        0.024879999999999999,
                        277452,
                        278100,
                        0.0,
                        0.0,
                        1645086502.81358,
                        223092465765616
                    ],
                    "sub": []
                },
                {
                    "stat": [
                        "doPostDesignResolutionToVir2Vcs",
                        "entry",
                        0.0351409912109375,
                        0.037817999999999997,
                        0.025824,
                        277640,
                        278100,
                        0.0,
                        0.0,
                        1645086502.8145239,
                        223092468430774
                    ],
                    "sub": [
                        {
                            "stat": [
                                "doUptoVir2VcsNoSepCleanup",
                                "entry",
                                0.039921045303344727,
                                0.041436000000000001,
                                0.026966,
                                278780,
                                278784,
                                0.0,
                                0.0,
                                1645086502.819304,
                                223092482259801
                            ],
                            "sub": []
                        },
                        {
                            "stat": [
                                "doUptoVir2VcsNoSepCleanup",
                                "exit",
                                0.092038154602050781,
                                0.059926,
                                0.039951,
                                279980,
                                293212,
                                0.0013649999999999999,
                                0.019387999999999999,
                                1645086502.8714211,
                                223092633141233
                            ],
                            "sub": []
                        },
                        {
                            "stat": [
                                "doRadify_vir2vcsAll",
                                "entry",
                                0.092106103897094727,
                                0.059968,
                                0.039978,
                                279980,
                                293212,
                                0.0013649999999999999,
                                0.019387999999999999,
                                1645086502.871489,
                                223092633272864
                            ],
                            "sub": []
                        },
                        {
                            "stat": [
                                "doRadify_vir2vcsAll",
                                "exit",
                                0.096227169036865234,
                                0.063038999999999998,
                                0.041024999999999999,
                                281164,
                                293212,
                                0.0013649999999999999,
                                0.019387999999999999,
                                1645086502.8756101,
                                223092645287245
                            ],
                            "sub": []
                        }
                    ]
                },
                {
                    "stat": [
                        "doPostDesignResolutionToVir2Vcs",
                        "exit",
                        0.096281051635742188,
                        0.063074000000000005,
                        0.041048000000000001,
                        281164,
                        293212,
                        0.0013649999999999999,
                        0.019387999999999999,
                        1645086502.875664,
                        223092645352437
                    ],
                    "sub": []
                },
                {
                    "stat": [
                        "doGAToPass2",
                        "entry",
                        0.096301078796386719,
                        0.063085000000000002,
                        0.041055000000000001,
                        281164,
                        293212,
                        0.0013649999999999999,
                        0.019387999999999999,
                        1645086502.875684,
                        223092645405536
                    ],
                    "sub": [
                        {
                            "stat": [
                                "DoPass2",
                                "entry",
                                0.12393403053283691,
                                0.063085000000000002,
                                0.043278999999999998,
                                279608,
                                293212,
                                0.0093290000000000005,
                                0.037728999999999999,
                                1645086502.903317,
                                223092725470592
                            ],
                            "sub": []
                        },
                        {
                            "stat": [
                                "DoPass2",
                                "exit",
                                0.16265606880187988,
                                0.090971999999999997,
                                0.051665999999999997,
                                288920,
                                293212,
                                0.010514000000000001,
                                0.038913999999999997,
                                1645086502.942039,
                                223092837531754
                            ],
                            "sub": []
                        }
                    ]
                },
                {
                    "stat": [
                        "doGAToPass2",
                        "exit",
                        0.1660161018371582,
                        0.092353000000000005,
                        0.053623999999999998,
                        288920,
                        293212,
                        0.010514000000000001,
                        0.038913999999999997,
                        1645086502.945399,
                        223092847277291
                    ],