{
    "reusePaths": {
        "reYIK_d": {
            "icPath": "csrc"
        },
        "BzZS6_d": {
            "icPath": "csrc"
        }
    },
    "Modules": {
        "std": {
            "Compiled Times": 25,
            "start_perf": [
                0.13050413131713867,
                0.064722000000000002,
                0.045803000000000003,
                282016,
                293212,
                1645086502.9098871,
                223092744416379
            ],
            "child_modules": {},
            "Compiled": "Yes",
            "nQuads": 218,
            "end_perf": [
                0.13323307037353516,
                0.067151000000000002,
                0.046102999999999998,
                282412,
                293212,
                223092752369977,
                8589934594,
                0
            ],
            "svclass": [
                "$vcs_nba_dyn_obj",
                0,
                35,
                2,
                2,
                0,
                "sigprop$$",
                0,
                35,
                2,
                2,
                0,
                "process",
                0,
                200,
                8,
                8,
                0,
                "event",
                0,
                34,
                2,
                2,
                0,
                "mailbox",
                0,
                140,
                9,
                9,
                0,
                "semaphore",
                0,
                84,
                5,
                5,
                0
            ],
            "nMops": 528,
            "nRouts": 33
        },
        "...MASTER...": {
            "start_perf": [
                0.12402701377868652,
                0.063085000000000002,
                0.043373000000000002,
                279608,
                293212,
                1645086502.90341,
                223092725664689
            ],
            "child_modules": {
                "mul_32bits": 1,
                "std": 1,
                "tb_iclarke": 1
            },
            "end_perf": [
                0.1304161548614502,
                0.064671000000000006,
                0.045767000000000002,
                282016,
                293212,
                223092744217961,
                0,
                0
            ],
            "nQuads": 3,
            "nMops": 5,
            "nRouts": 7
        },
        "bits_mul": {
            "Compiled Times": 22,
            "start_perf": [
                0.13328409194946289,
                0.067181000000000005,
                0.046123999999999998,
                282412,
                293212,
                1645086502.912667,
                223092752457557
            ],
            "child_modules": {},
            "nQuads": 461,
            "Compiled": "Yes",
            "end_perf": [
                0.13687705993652344,
                0.070764999999999995,
                0.046123999999999998,
                282732,
                293212,
                223092762921540,
                12884901889,
                0
            ],
            "nMops": 2648,
            "nRouts": 16
        },
        "mul_32bits": {
            "Compiled Times": 1,
            "start_perf": [
                0.13692402839660645,
                0.070813000000000001,
                0.046123999999999998,
                282732,
                293212,
                1645086502.916307,
                223092762992358
            ],
            "child_modules": {
                "bits_mul": 16
            },
            "Compiled": "Yes",
            "nQuads": 524,
            "significant_routs": [
                [
                    5,
                    "R_VCSgd_MvYE2_5",
                    1612429,
                    901,
                    99
                ],
                [
                    58,
                    "R_VCSgd_MvYE2_3a",
                    7975928,
                    6306,
                    818
                ]
            ],
            "end_perf": [
                0.15128016471862793,
                0.082175999999999999,
                0.049105000000000003,
                287580,
                293212,
                223092804608228,
                17179869185,
                0
            ],
            "nMops": 2344,
            "nRouts": 64
        },
        "tb_iclarke": {
            "Compiled Times": 1,
            "start_perf": [
                0.15132999420166016,
                0.082207000000000002,
                0.049123,
                287580,
                293212,
                1645086502.9307129,
                223092804692067
            ],
            "child_modules": {},
            "Compiled": "Yes",
            "nQuads": 475,
            "significant_routs": [
                [
                    31,
                    "R_VCSgd_QbFbt_1f",
                    3765041,
                    3475,
                    499
                ],
                [
                    51,
                    "R_VCSgd_QbFbt_33",
                    2544344,
                    2591,
                    357
                ]
            ],
            "end_perf": [
                0.16097402572631836,
                0.090971999999999997,
                0.049984000000000001,
                287580,
                293212,
                223092832684694,
                25769803777,
                0
            ],
            "nMops": 1708,
            "nRouts": 57
        }
    },
    "stat": {
        "cpu_cycles_end": 223092847402687,
        "ru_self_end": {
            "ru_nvcsw": 29,
            "ru_maxrss_kb": 83920,
            "ru_stime_sec": 0.053655000000000001,
            "ru_utime_sec": 0.092406000000000002,
            "ru_minflt": 29195,
            "ru_majflt": 0,
            "ru_nivcsw": 12
        },
        "ru_childs_end": {
            "ru_nvcsw": 26,
            "ru_maxrss_kb": 22536,
            "ru_stime_sec": 0.038913999999999997,
            "ru_utime_sec": 0.010514000000000001,
            "ru_minflt": 11161,
            "ru_majflt": 0,
            "ru_nivcsw": 24
        },
        "peak_mem_kb": 293212
    },
    "CompUnits": {
        "amcQw_d": {
            "mod": "...MASTER...",
            "out": "objs/amcQw_d.o",
            "mode": 4,
            "bytes": 8422,
            "text": 527,
            "checksum": 0
        },
        "MvYE2_d": {
            "mod": "mul_32bits",
            "out": "MvYE2_d.o",
            "mode": 4,
            "bytes": 37648,
            "text": 19987,
            "checksum": 0,
            "archive": "archive.24/_107626_archive_1.a"
        },
        "QbFbt_d": {
            "mod": "tb_iclarke",
            "out": "QbFbt_d.o",
            "mode": 4,
            "bytes": 27772,
            "text": 13798,
            "checksum": 0,
            "archive": "archive.24/_107626_archive_1.a"
        }
    },
    "ObjArchives": [
        {
            "archive": "archive.24/_107626_archive_1.a",
            "size": 182380,
            "objects": [
                [
                    "MvYE2_d.o",
                    37648
                ],
                [
                    "QbFbt_d.o",
                    27772
                ],
                [
                    "amcQwB.o",
                    116960
                ]
            ]
        }
    ]
}