{
    "cycles_program_begin": 4849328293352,
    "cpu_cycles_pass2_start": 4849689520159,
    "NameTable": {
        "...MASTER...": [
            "SIM",
            "amcQw",
            "module",
            3
        ],
        "bits_mul": [
            "bits_mul",
            "BzZS6",
            "module",
            5
        ],
        "std": [
            "std",
            "reYIK",
            "module",
            1
        ],
        "tb_pi": [
            "tb_pi",
            "ktfAc",
            "module",
            6
        ]
    },
    "CompileProcesses": [
        "cgproc.8373.json"
    ],
    "rlimit": {
        "data": -1,
        "stack": -1
    },
    "perf": [
        {
            "stat": [
                "main",
                "entry",
                0.017399787902832031,
                0.036483000000000002,
                0.014187,
                216468,
                216468,
                0.0,
                0.0,
                1646027276.1058259,
                4849328525439
            ],
            "sub": [
                {
                    "stat": [
                        "doParsingAndDesignResolution",
                        "entry",
                        0.035202980041503906,
                        0.03934,
                        0.023871,
                        276596,
                        277396,
                        0.0,
                        0.0,
                        1646027276.1236291,
                        4849380047970
                    ],
                    "sub": []
                },
                {
                    "stat": [
                        "doParsingAndDesignResolution",
                        "exit",
                        0.045454978942871094,
                        0.044171000000000002,
                        0.027734999999999999,
                        277468,
                        278116,
                        0.0,
                        0.0,
                        1646027276.1338811,
                        4849409737323
                    ],
                    "sub": []
                },
                {
                    "stat": [
                        "doPostDesignResolutionToVir2Vcs",
                        "entry",
                        0.046415805816650391,
                        0.044171000000000002,
                        0.028695999999999999,
                        277660,
                        278116,
                        0.0,
                        0.0,
                        1646027276.1348419,
                        4849412579323
                    ],
                    "sub": [
                        {
                            "stat": [
                                "doUptoVir2VcsNoSepCleanup",
                                "entry",
                                0.053560972213745117,
                                0.049458000000000002,
                                0.029888000000000001,
                                278800,
                                278804,
                                0.0,
                                0.0,
                                1646027276.1419871,
                                4849433140323
                            ],
                            "sub": []
                        },
                        {
                            "stat": [
                                "doUptoVir2VcsNoSepCleanup",
                                "exit",
                                0.10941195487976074,
                                0.072786000000000003,
                                0.042030999999999999,
                                280016,
                                293260,
                                0.0075380000000000004,
                                0.0098689999999999993,
                                1646027276.1978381,
                                4849594839973
                            ],
                            "sub": []
                        },
                        {
                            "stat": [
                                "doRadify_vir2vcsAll",
                                "entry",
                                0.10948085784912109,
                                0.072830000000000006,
                                0.042056999999999997,
                                280016,
                                293260,
                                0.0075380000000000004,
                                0.0098689999999999993,
                                1646027276.197907,
                                4849594968675
                            ],
                            "sub": []
                        },
                        {
                            "stat": [
                                "doRadify_vir2vcsAll",
                                "exit",
                                0.11680197715759277,
                                0.075866000000000003,
                                0.045109000000000003,
                                281168,
                                293260,
                                0.0075380000000000004,
                                0.0098689999999999993,
                                1646027276.2052281,
                                4849616279035
                            ],
                            "sub": []
                        }
                    ]
                },
                {
                    "stat": [
                        "doPostDesignResolutionToVir2Vcs",
                        "exit",
                        0.1168677806854248,
                        0.075909000000000004,
                        0.045135000000000002,
                        281168,
                        293260,
                        0.0075380000000000004,
                        0.0098689999999999993,
                        1646027276.2052939,
                        4849616350230
                    ],
                    "sub": []
                },
                {
                    "stat": [
                        "doGAToPass2",
                        "entry",
                        0.11688899993896484,
                        0.075922000000000003,
                        0.045143000000000003,
                        281168,
                        293260,
                        0.0075380000000000004,
                        0.0098689999999999993,
                        1646027276.2053151,
                        4849616403561
                    ],
                    "sub": [
                        {
                            "stat": [
                                "DoPass2",
                                "entry",
                                0.1421198844909668,
                                0.075922000000000003,
                                0.047625000000000001,
                                279612,
                                293260,
                                0.018398999999999999,
                                0.022218999999999999,
                                1646027276.230546,
                                4849689505949
                            ],
                            "sub": []
                        },
                        {
                            "stat": [
                                "DoPass2",
                                "exit",
                                0.17774677276611328,
                                0.099158999999999997,
                                0.054178999999999998,
                                285196,
                                293260,
                                0.019359000000000001,
                                0.024138,
                                1646027276.2661729,
                                4849792616899
                            ],