{
    "Modules": {
        "bits_mul": {
            "end_perf": [
                0.15606093406677246,
                0.080862000000000003,
                0.052509,
                281576,
                293260,
                4849729852605,
                12884901889,
                0
            ],
            "child_modules": {},
            "start_perf": [
                0.15241694450378418,
                0.077218999999999996,
                0.052509,
                281064,
                293260,
                1646027276.2408431,
                4849719247015
            ],
            "Compiled": "Yes",
            "nMops": 2648,
            "Compiled Times": 28,
            "nRouts": 16,
            "nQuads": 461
        },
        "std": {
            "end_perf": [
                0.15236186981201172,
                0.077186000000000005,
                0.052486999999999999,
                281064,
                293260,
                4849719148850,
                8589934594,
                0
            ],
            "start_perf": [
                0.1482999324798584,
                0.076573000000000002,
                0.049668999999999998,
                281048,
                293260,
                1646027276.236726,
                4849707330684
            ],
            "child_modules": {},
            "Compiled": "Yes",
            "Compiled Times": 31,
            "nMops": 528,
            "svclass": [
                "$vcs_nba_dyn_obj",
                0,
                35,
                2,
                2,
                0,
                "sigprop$$",
                0,
                35,
                2,
                2,
                0,
                "process",
                0,
                200,
                8,
                8,
                0,
                "event",
                0,
                34,
                2,
                2,
                0,
                "mailbox",
                0,
                140,
                9,
                9,
                0,
                "semaphore",
                0,
                84,
                5,
                5,
                0
            ],
            "nRouts": 33,
            "nQuads": 218
        },
        "...MASTER...": {
            "end_perf": [
                0.14821195602416992,
                0.076519000000000004,
                0.049633999999999998,
                281048,
                293260,
                4849707134296,
                0,
                0
            ],
            "child_modules": {
                "std": 1,
                "tb_pi": 1
            },
            "start_perf": [
                0.1422119140625,
                0.075922000000000003,
                0.047718000000000003,
                279612,
                293260,
                1646027276.230638,
                4849689704077
            ],
            "nRouts": 5,
            "nQuads": 0,
            "nMops": 0
        },
        "tb_pi": {
            "end_perf": [
                0.17407679557800293,
                0.098863000000000006,
                0.052509,
                284240,
                293260,
                4849782042078,
                25769803777,
                0
            ],
            "child_modules": {
                "bits_mul": 16
            },
            "start_perf": [
                0.15610694885253906,
                0.080908999999999995,
                0.052509,
                281576,
                293260,
                1646027276.2445331,
                4849729923278
            ],
            "Compiled": "Yes",
            "nMops": 3717,
            "Compiled Times": 22,
            "nRouts": 122,
            "nQuads": 1088
        }
    },
    "ObjArchives": [
        {
            "archive": "archive.30/_8373_archive_1.a",
            "objects": [
                [
                    "amcQwB.o",
                    117016
                ]
            ],
            "size": 117016
        }
    ],
    "reusePaths": {
        "amcQw_d": {
            "icPath": "csrc"
        },
        "reYIK_d": {
            "icPath": "csrc"
        },
        "ktfAc_d": {
            "icPath": "csrc"
        },
        "BzZS6_d": {
            "icPath": "csrc"
        }
    },
    "CompUnits": {},
    "stat": {
        "peak_mem_kb": 293260,
        "ru_self_end": {
            "ru_utime_sec": 0.10205400000000001,
            "ru_nivcsw": 7,
            "ru_majflt": 0,
            "ru_stime_sec": 0.055108999999999998,
            "ru_maxrss_kb": 83408,
            "ru_minflt": 29262,
            "ru_nvcsw": 61
        },
        "ru_childs_end": {
            "ru_utime_sec": 0.019359000000000001,
            "ru_nivcsw": 24,
            "ru_majflt": 0,
            "ru_stime_sec": 0.024138,
            "ru_maxrss_kb": 22580,
            "ru_minflt": 11161,
            "ru_nvcsw": 26
        },
        "cpu_cycles_end": 4849803597691
    }
}