{
    "Modules": {
        "...MASTER...": {
            "start_perf": [
                0.12762784957885742,
                0.080593999999999999,
                0.038427999999999997,
                279764,
                293396,
                1646381431.1559889,
                170143569360892
            ],
            "child_modules": {
                "tb_sqrt": 1,
                "std": 1
            },
            "end_perf": [
                0.13252401351928711,
                0.080593999999999999,
                0.040801999999999998,
                280560,
                293396,
                170143583606624,
                0,
                0
            ],
            "nQuads": 0,
            "nMops": 0,
            "nRouts": 5
        },
        "std": {
            "start_perf": [
                0.13260102272033691,
                0.080642000000000005,
                0.040830999999999999,
                280560,
                293396,
                1646381431.1609621,
                170143583801817
            ],
            "Compiled Times": 48,
            "Compiled": "Yes",
            "child_modules": {},
            "end_perf": [
                0.13552403450012207,
                0.083565,
                0.040830999999999999,
                280960,
                293396,
                170143592311545,
                8589934594,
                0
            ],
            "nRouts": 33,
            "svclass": [
                "$vcs_nba_dyn_obj",
                0,
                35,
                2,
                2,
                0,
                "sigprop$$",
                0,
                35,
                2,
                2,
                0,
                "process",
                0,
                200,
                8,
                8,
                0,
                "event",
                0,
                34,
                2,
                2,
                0,
                "mailbox",
                0,
                140,
                9,
                9,
                0,
                "semaphore",
                0,
                84,
                5,
                5,
                0
            ],
            "nQuads": 218,
            "nMops": 528
        },
        "bits_mul": {
            "Compiled Times": 48,
            "Compiled": "Yes",
            "start_perf": [
                0.13556790351867676,
                0.083608000000000002,
                0.040830999999999999,
                280960,
                293396,
                1646381431.163929,
                170143592415454
            ],
            "child_modules": {},
            "end_perf": [
                0.13866496086120605,
                0.086705000000000004,
                0.040830999999999999,
                281664,
                293396,
                170143601432824,
                17179869185,
                0
            ],
            "nQuads": 432,
            "nMops": 2642,
            "nRouts": 15
        },
        "tb_sqrt": {
            "start_perf": [
                0.13870096206665039,
                0.086742,
                0.040830999999999999,
                281664,
                293396,
                1646381431.167062,
                170143601512305
            ],
            "Compiled Times": 48,
            "Compiled": "Yes",
            "child_modules": {
                "bits_mul": 16
            },
            "significant_routs": [
                [
                    58,
                    "R_VCSgd_Baip0_3a",
                    5603357,
                    6719,
                    832
                ],
                [
                    59,
                    "R_VCSgd_Baip0_3b",
                    3502426,
                    4246,
                    332
                ],
                [
                    62,
                    "R_VCSgd_Baip0_3e",
                    12920205,
                    14513,
                    1847
                ],
                [
                    70,
                    "R_VCSgd_Baip0_46",
                    18964447,
                    17529,
                    2075
                ],
                [
                    71,
                    "R_VCSgd_Baip0_47",
                    2115550,
                    889,
                    98
                ],
                [
                    173,
                    "R_VCSgd_Baip0_ad",
                    5731083,
                    4967,
                    703
                ]
            ],
            "end_perf": [
                0.19066596031188965,
                0.13642099999999999,
                0.04308,
                288980,
                293396,
                170143752464315,
                21474836481,
                0
            ],
            "nQuads": 2858,
            "nMops": 9745,
            "nRouts": 179
        }
    },
    "CompUnits": {
        "Baip0_d": {
            "bytes": 121070,
            "out": "Baip0_d.o",
            "mod": "tb_sqrt",
            "text": 84310,
            "mode": 4,
            "checksum": 0,
            "archive": "archive.47/_118908_archive_1.a"
        }
    },
    "reusePaths": {
        "amcQw_d": {
            "icPath": "csrc"
        },
        "reYIK_d": {
            "icPath": "csrc"
        },
        "BzZS6_d": {
            "icPath": "csrc"
        }
    },
    "stat": {
        "ru_self_end": {
            "ru_utime_sec": 0.137355,
            "ru_nvcsw": 30,
            "ru_stime_sec": 0.046802000000000003,
            "ru_maxrss_kb": 85852,
            "ru_nivcsw": 15,
            "ru_minflt": 30037,
            "ru_majflt": 0
        },
        "ru_childs_end": {
            "ru_utime_sec": 0.018815999999999999,
            "ru_nvcsw": 26,
            "ru_stime_sec": 0.026412999999999999,
            "ru_maxrss_kb": 22832,
            "ru_nivcsw": 24,
            "ru_minflt": 11186,
            "ru_majflt": 0
        },
        "cpu_cycles_end": 170143765893836,
        "peak_mem_kb": 293396
    },
    "ObjArchives": [
        {
            "archive": "archive.47/_118908_archive_1.a",
            "objects": [
                [
                    "Baip0_d.o",
                    121070
                ],
                [
                    "amcQwB.o",
                    117078
                ]
            ],
            "size": 238148
        }
    ]
}