{
    "stat": {
        "ru_self_end": {
            "ru_maxrss_kb": 86032,
            "ru_stime_sec": 0.062645999999999993,
            "ru_utime_sec": 0.15257499999999999,
            "ru_minflt": 29610,
            "ru_majflt": 0,
            "ru_nvcsw": 30,
            "ru_nivcsw": 15
        },
        "ru_childs_end": {
            "ru_maxrss_kb": 22896,
            "ru_stime_sec": 0.030453000000000001,
            "ru_utime_sec": 0.014952999999999999,
            "ru_minflt": 11161,
            "ru_majflt": 0,
            "ru_nvcsw": 26,
            "ru_nivcsw": 24
        },
        "cpu_cycles_end": 56377297779033,
        "peak_mem_kb": 293472
    },
    "Modules": {
        "...MASTER...": {
            "start_perf": [
                0.16182708740234375,
                0.094170000000000004,
                0.052653999999999999,
                279856,
                293472,
                1647249929.582536,
                56377091834606
            ],
            "nRouts": 5,
            "child_modules": {
                "tb_tssqrt": 1,
                "std": 1
            },
            "end_perf": [
                0.16731405258178711,
                0.094630000000000006,
                0.054946000000000002,
                280632,
                293472,
                56377107738002,
                0,
                0
            ],
            "nMops": 0,
            "nQuads": 0
        },
        "tb_tssqrt": {
            "start_perf": [
                0.17443299293518066,
                0.10166500000000001,
                0.055030999999999997,
                281608,
                293472,
                1647249929.5951419,
                56377128284966
            ],
            "nRouts": 217,
            "child_modules": {
                "bits_mul": 16
            },
            "Compiled": "Yes",
            "end_perf": [
                0.22753500938415527,
                0.15099299999999999,
                0.058776000000000002,
                288992,
                293472,
                56377282050245,
                21474836481,
                0
            ],
            "Compiled Times": 14,
            "nQuads": 2820,
            "nMops": 9850,
            "significant_routs": [
                [
                    77,
                    "R_VCSgd_JFZS1_4d",
                    6379130,
                    6866,
                    842
                ],
                [
                    78,
                    "R_VCSgd_JFZS1_4e",
                    15138754,
                    16349,
                    2000
                ],
                [
                    82,
                    "R_VCSgd_JFZS1_52",
                    17176033,
                    17395,
                    2070
                ],
                [
                    211,
                    "R_VCSgd_JFZS1_d3",
                    5975914,
                    5047,
                    703
                ]
            ]
        },
        "bits_mul": {
            "start_perf": [
                0.17060208320617676,
                0.097833000000000003,
                0.055030999999999997,
                281032,
                293472,
                1647249929.591311,
                56377117192901
            ],
            "nRouts": 15,
            "child_modules": {},
            "end_perf": [
                0.17438507080078125,
                0.101615,
                0.055030999999999997,
                281608,
                293472,
                56377128212814,
                17179869185,
                0
            ],
            "Compiled": "Yes",
            "nMops": 2642,
            "nQuads": 432,
            "Compiled Times": 62
        },
        "std": {
            "start_perf": [
                0.16740322113037109,
                0.094686000000000006,
                0.054979,
                280632,
                293472,
                1647249929.5881121,
                56377107938015
            ],
            "nRouts": 33,
            "child_modules": {},
            "Compiled": "Yes",
            "end_perf": [
                0.17055320739746094,
                0.097800999999999999,
                0.055012999999999999,
                281032,
                293472,
                56377117105553,
                8589934594,
                0
            ],
            "Compiled Times": 62,
            "nQuads": 218,
            "nMops": 528,
            "svclass": [
                "$vcs_nba_dyn_obj",
                0,
                35,
                2,
                2,
                0,
                "sigprop$$",
                0,
                35,
                2,
                2,
                0,
                "process",
                0,
                200,
                8,
                8,
                0,
                "event",
                0,
                34,
                2,
                2,
                0,
                "mailbox",
                0,
                140,
                9,
                9,
                0,
                "semaphore",
                0,
                84,
                5,
                5,
                0
            ]
        }
    },
    "CompUnits": {
        "JFZS1_d": {
            "out": "JFZS1_d.o",
            "mod": "tb_tssqrt",
            "archive": "archive.61/_34369_archive_1.a",
            "mode": 4,
            "bytes": 123816,
            "text": 83706,
            "checksum": 0
        }
    },
    "reusePaths": {
        "amcQw_d": {
            "icPath": "csrc"
        },
        "reYIK_d": {
            "icPath": "csrc"
        },
        "BzZS6_d": {
            "icPath": "csrc"
        }
    },
    "ObjArchives": [
        {
            "archive": "archive.61/_34369_archive_1.a",
            "objects": [
                [
                    "JFZS1_d.o",
                    123816
                ],
                [
                    "amcQwB.o",
                    117280
                ]
            ],
            "size": 241096
        }
    ]
}