{
    "Modules": {
        "bits_mul": {
            "start_perf": [
                0.13709616661071777,
                0.066397999999999999,
                0.054914999999999999,
                286152,
                293244,
                1644979572.0828171,
                111346019067163
            ],
            "child_modules": {},
            "Compiled": "Yes",
            "nQuads": 922,
            "Compiled Times": 20,
            "significant_routs": [
                [
                    1,
                    "R_VCSgd_BzZS6_1",
                    6659328,
                    8247,
                    1277
                ],
                [
                    2,
                    "R_VCSgd_BzZS6_2",
                    3775510,
                    3501,
                    433
                ],
                [
                    3,
                    "R_VCSgd_BzZS6_3",
                    4967439,
                    5155,
                    823
                ]
            ],
            "end_perf": [
                0.14822101593017578,
                0.074926999999999994,
                0.057478000000000001,
                287620,
                293244,
                111346051320985,
                12884901889,
                0
            ],
            "nMops": 5296,
            "nRouts": 16
        },
        "...MASTER...": {
            "start_perf": [
                0.12167811393737793,
                0.057659000000000002,
                0.051291000000000003,
                279608,
                293244,
                1644979572.067399,
                111345974422033
            ],
            "child_modules": {
                "std": 1,
                "tb_lpf": 1
            },
            "nRouts": 5,
            "end_perf": [
                0.12823009490966797,
                0.058280999999999999,
                0.054191000000000003,
                282028,
                293244,
                111345993447287,
                0,
                0
            ],
            "nQuads": 0,
            "nMops": 0
        },
        "std": {
            "start_perf": [
                0.12831211090087891,
                0.058324000000000001,
                0.054231000000000001,
                282028,
                293244,
                1644979572.074033,
                111345993624187
            ],
            "child_modules": {},
            "Compiled": "Yes",
            "nQuads": 436,
            "Compiled Times": 23,
            "significant_routs": [
                [
                    24,
                    "F_VCSgd_reYIK_24_0",
                    1700154,
                    984,
                    90
                ]
            ],
            "end_perf": [
                0.13701200485229492,
                0.066312999999999997,
                0.054914999999999999,
                286152,
                293244,
                111346018856826,
                8589934594,
                0
            ],
            "svclass": [
                "$vcs_nba_dyn_obj",
                576,
                35,
                2,
                2,
                0,
                "sigprop$$",
                576,
                35,
                2,
                2,
                0,
                "process",
                2380,
                200,
                8,
                8,
                0,
                "event",
                597,
                34,
                2,
                2,
                0,
                "mailbox",
                1769,
                140,
                9,
                9,
                0,
                "semaphore",
                1119,
                83,
                5,
                5,
                0
            ],
            "nMops": 1055,
            "nRouts": 33
        },
        "tb_lpf": {
            "start_perf": [
                0.14827203750610352,
                0.074956999999999996,
                0.057500999999999997,
                287620,
                293244,
                1644979572.0939929,
                111346051398734
            ],
            "child_modules": {
                "bits_mul": 16
            },
            "Compiled": "Yes",
            "nQuads": 1996,
            "Compiled Times": 2,
            "significant_routs": [
                [
                    32,
                    "R_VCSgd_I7xGq_20",
                    2596660,
                    849,
                    69
                ],
                [
                    34,
                    "R_VCSgd_I7xGq_22",
                    1705113,
                    1583,
                    151
                ],
                [
                    45,
                    "R_VCSgd_I7xGq_2d",
                    1852172,
                    301,
                    34
                ],
                [
                    74,
                    "R_VCSgd_I7xGq_4a",
                    3009995,
                    247,
                    35
                ],
                [
                    78,
                    "R_VCSgd_I7xGq_4e",
                    1658247,
                    262,
                    25
                ],
                [
                    110,
                    "R_VCSgd_I7xGq_6e",
                    7179240,
                    6186,
                    822
                ]
            ],
            "end_perf": [
                0.19440102577209473,
                0.115165,
                0.063393000000000005,
                289892,
                293244,
                111346185054081,
                25769803777,
                0
            ],
            "nMops": 6872,
            "nRouts": 116
        }
    },
    "CompUnits": {
        "I7xGq_d": {
            "mod": "tb_lpf",
            "text": 29422,
            "out": "I7xGq_d.o",
            "bytes": 54838,
            "mode": 4,
            "checksum": 0,
            "archive": "archive.22/_61225_archive_1.a"
        },
        "amcQw_d": {
            "mod": "...MASTER...",
            "text": 434,
            "out": "objs/amcQw_d.o",
            "bytes": 7824,
            "mode": 4,
            "checksum": 0
        },
        "reYIK_d": {
            "cls": 7017,
            "mod": "std",
            "text": 7325,
            "out": "reYIK_d.o",
            "bytes": 43000,
            "mode": 4,
            "checksum": 0,
            "archive": "archive.22/_61225_archive_1.a"
        },
        "BzZS6_d": {
            "mod": "bits_mul",
            "text": 18027,
            "out": "BzZS6_d.o",
            "bytes": 27100,
            "mode": 4,
            "checksum": 0,
            "archive": "archive.22/_61225_archive_1.a"
        }
    },
    "ObjArchives": [
        {
            "objects": [
                [
                    "reYIK_d.o",
                    43000
                ],
                [
                    "BzZS6_d.o",
                    27100
                ],
                [
                    "I7xGq_d.o",
                    54838
                ],
                [
                    "amcQwB.o",
                    117932
                ]
            ],
            "archive": "archive.22/_61225_archive_1.a",
            "size": 242870
        }
    ],
    "reusePaths": {},
    "stat": {
        "ru_self_end": {
            "ru_nivcsw": 14,
            "ru_utime_sec": 0.123936,
            "ru_majflt": 0,
            "ru_stime_sec": 0.075013999999999997,
            "ru_maxrss_kb": 85944,
            "ru_minflt": 29548,
            "ru_nvcsw": 29
        },
        "ru_childs_end": {
            "ru_nivcsw": 24,
            "ru_utime_sec": 0.011377,
            "ru_majflt": 0,
            "ru_stime_sec": 0.032342999999999997,
            "ru_maxrss_kb": 22644,
            "ru_minflt": 11161,
            "ru_nvcsw": 25
        },