{
    "cycles_program_begin": 159734209544932,
    "stat": {
        "ru_self_cgstart": {
            "ru_utime_sec": 0.050056000000000003,
            "ru_stime_sec": 0.040240999999999999,
            "ru_minflt": 25451,
            "ru_maxrss_kb": 73000,
            "ru_majflt": 0,
            "ru_nivcsw": 7,
            "ru_nvcsw": 32
        },
        "nMops": 2569,
        "ru_childs_cgstart": {
            "ru_utime_sec": 0.017361000000000001,
            "ru_stime_sec": 0.024079,
            "ru_minflt": 11125,
            "ru_maxrss_kb": 21860,
            "ru_majflt": 0,
            "ru_nivcsw": 24,
            "ru_nvcsw": 25
        },
        "ru_self_end": {
            "ru_utime_sec": 0.068057999999999994,
            "ru_stime_sec": 0.050304000000000001,
            "ru_minflt": 28500,
            "ru_maxrss_kb": 81068,
            "ru_majflt": 0,
            "ru_nivcsw": 10,
            "ru_nvcsw": 33
        },
        "cpu_cycles_cgstart": 159734464045974,
        "quadSpeed": 57882.457504721729,
        "nQuads": 1042,
        "totalObjSize": 186792,
        "outputSizePerQuad": 179.26295585412669,
        "ru_childs_end": {
            "ru_utime_sec": 0.017361000000000001,
            "ru_stime_sec": 0.026192,
            "ru_minflt": 11716,
            "ru_maxrss_kb": 22260,
            "ru_majflt": 0,
            "ru_nivcsw": 26,
            "ru_nvcsw": 26
        },
        "cpu_cycles_end": 159734551614472,
        "mop/quad": 2.465451055662188,
        "cpu_cycles_total": 342069540,
        "mopSpeed": 142706.36595933794,
        "CodeGen(%)": 21.074936489539787,
        "Frontend(%)": 78.92506351046022,
        "peak_mem_kb": 292192,
        "realTime": 0.13518309593200684
    },
    "NameTable": {
        "std": [
            "std",
            "reYIK",
            "module",
            1
        ],
        "tb_clarke": [
            "tb_clarke",
            "Q5KRr",
            "module",
            2
        ],
        "...MASTER...": [
            "SIM",
            "amcQw",
            "module",
            3
        ]
    },
    "SIMBData": {
        "text": 0,
        "out": "amcQwB.o",
        "bytes": 116102,
        "archive": "archive.28/_70720_archive_1.a"
    },
    "perf": [
        {
            "stat": [
                "main",
                "entry",
                0.016993999481201172,
                0.035111000000000003,
                0.012392,
                216468,
                216468,
                0.0,
                0.0,
                1645596200.0402069,
                159734209777425
            ],
            "sub": [
                {
                    "stat": [
                        "doParsingAndDesignResolution",
                        "entry",
                        0.031722068786621094,
                        0.035994999999999999,
                        0.022991999999999999,
                        276596,
                        277396,
                        0.0,
                        0.0,
                        1645596200.054935,
                        159734252364157
                    ],
                    "sub": []
                },
                {
                    "stat": [
                        "doParsingAndDesignResolution",
                        "exit",
                        0.036764144897460938,
                        0.037603999999999999,
                        0.026424,
                        277424,
                        278072,
                        0.0,
                        0.0,
                        1645596200.0599771,
                        159734266998224
                    ],
                    "sub": []
                },
                {
                    "stat": [
                        "doPostDesignResolutionToVir2Vcs",
                        "entry",
                        0.037389993667602539,
                        0.037971999999999999,
                        0.026682999999999998,
                        277596,
                        278072,
                        0.0,
                        0.0,
                        1645596200.0606029,
                        159734268744546
                    ],
                    "sub": [
                        {
                            "stat": [
                                "doUptoVir2VcsNoSepCleanup",
                                "entry",
                                0.039815187454223633,
                                0.039847,
                                0.027233,
                                278596,
                                278600,
                                0.0,
                                0.0,
                                1645596200.0630281,
                                159734275780497
                            ],
                            "sub": []
                        },
                        {
                            "stat": [
                                "doUptoVir2VcsNoSepCleanup",
                                "exit",
                                0.076668024063110352,
                                0.04514,
                                0.038270999999999999,
                                279848,
                                292192,
                                0.0098080000000000007,
                                0.0096939999999999995,
                                1645596200.0998809,
                                159734382483068
                            ],
                            "sub": []
                        },
                        {
                            "stat": [
                                "doRadify_vir2vcsAll",
                                "entry",
                                0.076737165451049805,
                                0.045178000000000003,
                                0.038302999999999997,
                                279848,
                                292192,
                                0.0098080000000000007,
                                0.0096939999999999995,
                                1645596200.0999501,
                                159734382616845
                            ],
                            "sub": []
                        },
                        {
                            "stat": [
                                "doRadify_vir2vcsAll",
                                "exit",
                                0.081329107284545898,
                                0.049769000000000001,
                                0.038302999999999997,
                                280952,
                                292192,
                                0.0098080000000000007,
                                0.0096939999999999995,
                                1645596200.104542,
                                159734396051472
                            ],
                            "sub": []
                        }
                    ]
                },
                {
                    "stat": [
                        "doPostDesignResolutionToVir2Vcs",
                        "exit",
                        0.081404209136962891,
                        0.049846000000000001,
                        0.038302999999999997,
                        280952,
                        292192,
                        0.0098080000000000007,
                        0.0096939999999999995,
                        1645596200.1046171,
                        159734396122928
                    ],