{
    "Modules": {
        "...MASTER...": {
            "start_perf": [
                0.10139107704162598,
                0.043355999999999999,
                0.046280000000000002,
                279408,
                292232,
                1646205645.218641,
                3529908617986
            ],
            "end_perf": [
                0.10613107681274414,
                0.043941000000000001,
                0.047935999999999999,
                280860,
                292232,
                3529922411059,
                0,
                0
            ],
            "child_modules": {
                "tb_led": 1,
                "std": 1
            },
            "nQuads": 0,
            "nMops": 0,
            "nRouts": 5
        },
        "std": {
            "start_perf": [
                0.1062009334564209,
                0.043976000000000001,
                0.047973000000000002,
                280860,
                292232,
                1646205645.2234509,
                3529922589947
            ],
            "child_modules": {},
            "end_perf": [
                0.10902500152587891,
                0.046378000000000003,
                0.048394,
                280876,
                292232,
                3529930807501,
                8589934594,
                0
            ],
            "Compiled": "Yes",
            "nMops": 528,
            "Compiled Times": 4,
            "nQuads": 218,
            "svclass": [
                "$vcs_nba_dyn_obj",
                0,
                35,
                2,
                2,
                0,
                "sigprop$$",
                0,
                35,
                2,
                2,
                0,
                "process",
                0,
                200,
                8,
                8,
                0,
                "event",
                0,
                34,
                2,
                2,
                0,
                "mailbox",
                0,
                140,
                9,
                9,
                0,
                "semaphore",
                0,
                84,
                5,
                5,
                0
            ],
            "nRouts": 33
        },
        "tb_led": {
            "start_perf": [
                0.10906696319580078,
                0.046399000000000003,
                0.048416000000000001,
                280876,
                292232,
                1646205645.2263169,
                3529930908671
            ],
            "child_modules": {},
            "end_perf": [
                0.11693406105041504,
                0.053345999999999998,
                0.049320000000000003,
                284736,
                292232,
                3529953830528,
                17179869185,
                0
            ],
            "significant_routs": [
                [
                    21,
                    "R_VCSgd_gdDNc_15",
                    1244094,
                    948,
                    76
                ]
            ],
            "Compiled": "Yes",
            "nMops": 708,
            "Compiled Times": 4,
            "nQuads": 339,
            "nRouts": 41
        }
    },
    "stat": {
        "ru_self_end": {
            "ru_utime_sec": 0.057029000000000003,
            "ru_stime_sec": 0.051026000000000002,
            "ru_maxrss_kb": 78696,
            "ru_nvcsw": 28,
            "ru_minflt": 27393,
            "ru_nivcsw": 7,
            "ru_majflt": 0
        },
        "peak_mem_kb": 292232,
        "ru_childs_end": {
            "ru_utime_sec": 0.018353000000000001,
            "ru_stime_sec": 0.030886,
            "ru_maxrss_kb": 22208,
            "ru_nvcsw": 26,
            "ru_minflt": 11186,
            "ru_nivcsw": 24,
            "ru_majflt": 0
        },
        "cpu_cycles_end": 3529969412584
    },
    "reusePaths": {
        "amcQw_d": {
            "icPath": "csrc"
        },
        "reYIK_d": {
            "icPath": "csrc"
        }
    },
    "CompUnits": {
        "gdDNc_d": {
            "mod": "tb_led",
            "bytes": 17394,
            "out": "gdDNc_d.o",
            "checksum": 0,
            "mode": 4,
            "text": 5224,
            "archive": "archive.3/_8567_archive_1.a"
        }
    },
    "ObjArchives": [
        {
            "archive": "archive.3/_8567_archive_1.a",
            "size": 132886,
            "objects": [
                [
                    "gdDNc_d.o",
                    17394
                ],
                [
                    "amcQwB.o",
                    115492
                ]
            ]
        }
    ]
}